segment,hour,ts,total_beliefs,active_tier_le6,upper_tier_le3,created_in_hour
4,0,1788912415,63652,7071,6878,41
4,1,1788916018,63683,7092,6885,31
4,2,1788919620,63716,7110,6892,33
4,3,1788923223,63756,7135,6899,40
4,4,1788926826,63793,7164,6903,37
4,5,1788930429,63851,7204,6921,58
4,6,1788934032,63893,7233,6927,42
4,7,1788937635,63935,7264,6934,42
4,8,1788941239,63968,7286,6940,33
4,9,1788944828,64006,7308,6945,38
4,10,1788948431,64036,7331,6954,30
4,11,1788952034,64077,7350,6960,41
4,12,1788955639,64115,7368,6965,38
4,13,1788959215,64149,7389,6971,34
4,14,1788962820,64180,7405,6977,31
4,15,1788966433,64211,7420,6985,31
4,16,1788970036,64257,7439,6992,46
4,17,1788973639,64295,7459,6998,38
4,18,1788977212,64341,7476,7002,46
4,19,1788979494,64361,7486,7005,20
5,0,1788985931,64396,7506,7012,35
5,1,1788989534,64424,7527,7019,28
5,2,1788993137,64454,7549,7027,30
5,3,1788996740,64486,7570,7033,32
5,4,1789000343,64518,7591,7040,32
5,5,1789003946,64545,7613,7048,27
5,6,1789007549,64575,7635,7054,30
5,7,1789011152,64604,7661,7061,29
5,8,1789014755,64654,7700,7078,50
5,9,1789018328,64711,7741,7096,57
5,10,1789021931,64769,7780,7112,58
5,11,1789025534,64812,7805,7120,43
5,12,1789029137,64853,7828,7126,41
5,13,1789032740,64883,7851,7133,30
5,14,1789036343,64920,7870,7137,37
5,15,1789039945,64952,7893,7144,32
5,16,1789043549,64986,7911,7150,34
5,17,1789047152,65018,7933,7156,32
5,18,1789050755,65049,7952,7162,31
5,19,1789054328,65083,7971,7167,34
5,20,1789057931,65121,7988,7171,38
5,21,1789061535,65159,8008,7177,38
5,22,1789065138,65197,8027,7184,38
5,23,1789068741,65229,8048,7189,32
5,24,1789072353,65266,8072,7195,37
5,25,1789075943,65299,8085,7198,33
5,26,1789079546,65322,8101,7203,23
5,27,1789083149,65349,8122,7210,27
5,28,1789086752,65380,8147,7217,31
5,29,1789090354,65417,8165,7222,37
5,30,1789093957,65444,8184,7228,27
5,31,1789097530,65471,8210,7233,27
5,32,1789101133,65522,8249,7250,51
5,33,1789104736,65570,8273,7255,48
5,34,1789108340,65604,8299,7262,34
5,35,1789111943,65664,8339,7288,60
5,36,1789115546,65708,8368,7305,44
5,37,1789119149,65736,8384,7311,28
5,38,1789122751,65770,8401,7317,34
5,39,1789126355,65800,8416,7322,30
5,40,1789129928,65819,8428,7326,19
5,41,1789133531,65839,8442,7331,20
5,42,1789137135,65873,8455,7337,34
5,43,1789140739,65902,8469,7345,29
5,44,1789144342,65940,8484,7352,38
5,45,1789146252,65950,8490,7355,10
7,0,1789175646,66099,8548,7377,40
7,1,1789179249,66128,8571,7383,29
7,2,1789182852,66151,8591,7389,23
7,3,1789186455,66192,8632,7407,41
7,4,1789190058,66231,8664,7414,39
7,5,1789193660,66258,8689,7420,27
7,6,1789197263,66300,8728,7437,42
7,7,1789200866,66326,8755,7454,26
7,8,1789204470,66348,8780,7468,22
7,9,1789208073,66370,8803,7474,22
7,10,1789211646,66387,8822,7480,17
7,11,1789215249,66415,8842,7486,28
7,12,1789218852,66434,8860,7490,19
7,13,1789222454,66458,8883,7497,24
7,14,1789226057,66486,8902,7503,28
7,15,1789229661,66511,8920,7509,25
7,16,1789233264,66532,8937,7514,21
7,17,1789236867,66550,8951,7520,18
7,18,1789240470,66575,8972,7527,25
7,19,1789244073,66592,8991,7534,17
7,20,1789247646,66613,9012,7542,21
7,21,1789251250,66638,9030,7547,25
7,22,1789254853,66650,9045,7551,12
7,23,1789258456,66681,9070,7558,31
7,24,1789262065,66699,9086,7565,18
7,25,1789265668,66728,9105,7570,29
7,26,1789269271,66746,9125,7578,18
7,27,1789272874,66778,9157,7584,32
7,28,1789276447,66817,9198,7601,39
7,29,1789280052,66851,9228,7607,34
7,30,1789283655,66875,9255,7612,24
7,31,1789287258,66902,9273,7618,27
7,32,1789290861,66923,9291,7623,21
7,33,1789294464,66948,9313,7631,25
7,34,1789298067,66980,9338,7646,32
7,35,1789301670,66998,9353,7651,18
7,36,1789305273,67034,9385,7668,36
7,37,1789308852,67053,9399,7673,19
7,38,1789312455,67073,9414,7678,20
7,39,1789316058,67103,9434,7686,30
7,40,1789319661,67130,9459,7694,27
7,41,1789323264,67151,9477,7698,21
7,42,1789326868,67182,9507,7714,31
7,43,1789330471,67208,9535,7728,26
7,44,1789334073,67231,9559,7735,23
7,45,1789337647,67260,9580,7743,29
7,46,1789341250,67288,9601,7749,28
7,47,1789344853,67322,9620,7754,34
7,48,1789348446,67351,9647,7760,29
7,49,1789352049,67374,9663,7765,23
7,50,1789355652,67394,9683,7772,20
7,51,1789359255,67430,9717,7778,36
7,52,1789362858,67458,9745,7784,28
7,53,1789366438,67489,9773,7789,30
7,54,1789370065,67515,9798,7795,26
7,55,1789373668,67535,9819,7802,20
7,56,1789377271,67557,9842,7808,22
7,57,1789380874,67586,9863,7814,29
7,58,1789384447,67626,9890,7831,40
7,59,1789388050,67665,9913,7838,39
7,60,1789391653,67704,9938,7855,39
7,61,1789395256,67732,9957,7862,28
7,62,1789398859,67788,9978,7870,56
7,63,1789402462,67825,9995,7875,37
7,64,1789406065,67872,10013,7882,47
7,65,1789409668,67911,10030,7888,39
7,66,1789413272,67954,10061,7905,43
7,67,1789416845,68000,10089,7922,46
7,68,1789420456,68032,10107,7928,32
7,69,1789424059,68069,10130,7935,37
7,70,1789427674,68106,10149,7942,37
7,71,1789431247,68134,10166,7948,28
7,72,1789434872,68166,10189,7953,31
7,73,1789438452,68196,10213,7960,30
7,74,1789442055,68224,10235,7967,28
7,75,1789445657,68264,10267,7973,40
7,76,1789449260,68316,10309,7991,52
7,77,1789452864,68363,10340,7997,47
7,78,1789456467,68409,10369,8004,46
7,79,1789460070,68440,10391,8011,31
7,80,1789463673,68461,10409,8018,21
7,81,1789467246,68492,10429,8023,31
7,82,1789470850,68537,10459,8039,45
7,83,1789474453,68568,10479,8045,31
7,84,1789478057,68600,10505,8059,32
7,85,1789481660,68638,10525,8065,38
7,86,1789485263,68672,10546,8073,34
7,87,1789488846,68703,10562,8079,31
7,88,1789492449,68739,10579,8086,36
7,89,1789496052,68774,10600,8093,35
7,90,1789499656,68821,10629,8108,47
7,91,1789503259,68853,10647,8114,32
7,92,1789506862,68884,10667,8121,31
7,93,1789510465,68918,10687,8128,34
7,94,1789514068,68950,10707,8134,32
7,95,1789517671,68975,10725,8140,25
7,96,1789521274,69014,10751,8146,39
7,97,1789524847,69038,10774,8153,24
7,98,1789528450,69066,10792,8159,28
7,99,1789532053,69109,10822,8166,43
7,100,1789535656,69156,10861,8183,47
7,101,1789539258,69197,10886,8190,41
7,102,1789542861,69236,10911,8196,39
7,103,1789546465,69269,10935,8204,33
7,104,1789550068,69302,10957,8212,33
7,105,1789553671,69343,10978,8218,41
7,106,1789557274,69395,11008,8234,52
7,107,1789560847,69429,11028,8239,34
7,108,1789564450,69478,11058,8256,49
7,109,1789568053,69509,11077,8262,31
7,110,1789571657,69549,11096,8269,40
7,111,1789575260,69591,11117,8274,42
7,112,1789578864,69625,11138,8280,34
7,113,1789582467,69658,11158,8287,33
7,114,1789586070,69700,11185,8304,42
7,115,1789589673,69743,11215,8320,43
7,116,1789593246,69763,11232,8324,20
7,117,1789596850,69808,11249,8327,45
7,118,1789600453,69839,11267,8333,31
7,119,1789604056,69862,11283,8339,23
7,120,1789607659,69891,11302,8343,29
7,121,1789611265,69919,11326,8350,28
7,122,1789614868,69945,11344,8356,26
7,123,1789618471,69975,11372,8362,30
7,124,1789622074,70034,11407,8377,59
7,125,1789625647,70094,11438,8384,60
7,126,1789629250,70136,11467,8388,42
7,127,1789632853,70168,11488,8394,32
7,128,1789636456,70200,11508,8400,32
7,129,1789640060,70233,11532,8406,33
7,130,1789643663,70275,11563,8423,42
7,131,1789647266,70294,11578,8428,19
7,132,1789650869,70349,11610,8443,55
7,133,1789654473,70380,11632,8449,31
7,134,1789658046,70415,11651,8456,35
7,135,1789661650,70456,11673,8461,41
7,136,1789665253,70484,11688,8466,28
7,137,1789668856,70512,11707,8472,28
7,138,1789672459,70552,11737,8489,40
7,139,1789676063,70588,11765,8502,36
7,140,1789679666,70611,11781,8507,23
7,141,1789683269,70644,11801,8513,33
7,142,1789686850,70661,11814,8518,17
7,143,1789690472,70679,11827,8522,18
7,144,1789694045,70702,11843,8527,23
7,145,1789697674,70729,11860,8535,27
7,146,1789701247,70761,11884,8542,32
7,147,1789704860,70803,11913,8547,42
7,148,1789708446,70855,11947,8563,51
7,149,1789712049,70898,11976,8570,43
7,150,1789715653,70944,12004,8577,46
7,151,1789719256,70980,12030,8584,36
7,152,1789722859,71003,12046,8590,23
7,153,1789726462,71035,12070,8598,32
7,154,1789730065,71075,12100,8616,40
7,155,1789733663,71108,12116,8621,33
7,156,1789737267,71135,12136,8628,27
7,157,1789740870,71158,12154,8635,23
7,158,1789744474,71191,12173,8641,33
7,159,1789748048,71229,12193,8648,38
7,160,1789751651,71261,12213,8655,32
7,161,1789755254,71288,12235,8662,27
7,162,1789758857,71322,12262,8678,34
7,163,1789762461,71356,12279,8684,34
7,164,1789766063,71387,12303,8692,31
7,165,1789769666,71408,12325,8700,21
7,166,1789773269,71432,12344,8706,24
7,167,1789776873,71456,12364,8712,24
7,168,1789780446,71478,12386,8719,22
7,169,1789784069,71504,12405,8726,26
7,170,1789787646,71523,12421,8733,19
7,171,1789791249,71549,12448,8737,26
7,172,1789794853,71584,12484,8753,35
7,173,1789798456,71610,12512,8761,26
7,174,1789802059,71638,12542,8767,28
7,175,1789805662,71668,12569,8774,30
7,176,1789809265,71687,12585,8780,19
7,177,1789812860,71711,12607,8787,24
7,178,1789816463,71741,12637,8804,30
7,179,1789820061,71763,12655,8811,22
7,180,1789823672,71783,12674,8818,20
7,181,1789827246,71804,12694,8825,21
7,182,1789830849,71829,12713,8833,25
7,183,1789834452,71853,12733,8841,24
7,184,1789838055,71871,12751,8847,18
7,185,1789841658,71889,12768,8853,18
7,186,1789845262,71919,12797,8869,30
7,187,1789848865,71946,12823,8885,27
7,188,1789852468,71964,12839,8890,18
7,189,1789856072,71986,12861,8897,22
7,190,1789859645,72002,12880,8904,16
7,191,1789863248,72038,12905,8912,36
7,192,1789866851,72053,12920,8918,15
7,193,1789870467,72076,12943,8924,21
7,194,1789874070,72096,12964,8932,20
7,195,1789877673,72123,12990,8939,27
7,196,1789881246,72165,13032,8957,42
7,197,1789884849,72197,13066,8965,32
7,198,1789888452,72223,13091,8972,26
7,199,1789892055,72249,13119,8980,26
7,200,1789895659,72267,13140,8988,18
7,201,1789899262,72290,13158,8995,23
7,202,1789902865,72323,13188,9013,33
7,203,1789906455,72353,13206,9019,30
7,204,1789910059,72387,13239,9037,34
7,205,1789913662,72411,13260,9043,24
7,206,1789917266,72437,13284,9051,26
7,207,1789920869,72465,13303,9057,28
7,208,1789924473,72496,13324,9064,31
7,209,1789928046,72521,13338,9070,25
7,210,1789931649,72551,13367,9086,30
7,211,1789935252,72574,13391,9093,23
7,212,1789938856,72588,13407,9100,14
7,213,1789942459,72613,13427,9107,25
7,214,1789946063,72636,13448,9115,23
7,215,1789949666,72664,13468,9122,28
7,216,1789953271,72692,13489,9129,28
7,217,1789956854,72719,13505,9135,27
7,218,1789960457,72741,13525,9143,22
7,219,1789964060,72766,13549,9150,25
7,220,1789967664,72812,13586,9167,46
7,221,1789971267,72849,13615,9175,37
7,222,1789974870,72892,13642,9183,43
7,223,1789978473,72920,13663,9188,28
7,224,1789982046,72945,13686,9194,25
7,225,1789985650,72980,13709,9201,35
7,226,1789989253,73007,13727,9209,27
7,227,1789992857,73041,13748,9217,34
7,228,1789996460,73082,13777,9235,41
7,229,1790000063,73113,13794,9241,31
8,0,1790009339,73179,13820,9251,45
8,1,1790012942,73208,13840,9259,29
8,2,1790016545,73242,13858,9267,34
8,3,1790020148,73290,13894,9293,48
8,4,1790023752,73318,13907,9298,28
8,5,1790027355,73345,13923,9303,27
8,6,1790030958,73376,13940,9311,31
8,7,1790034544,73411,13960,9317,35
8,8,1790038148,73435,13976,9324,24
8,9,1790041751,73476,14002,9331,41
8,10,1790045354,73501,14021,9339,25
8,11,1790048960,73523,14043,9346,22
8,12,1790052563,73566,14080,9362,43
8,13,1790056137,73614,14112,9369,48
8,14,1790059740,73654,14139,9377,40
8,15,1790063343,73699,14165,9385,45
8,16,1790066947,73734,14188,9392,35
8,17,1790070550,73765,14206,9399,31
8,18,1790074154,73794,14226,9405,29
8,19,1790077757,73843,14255,9421,49
8,20,1790081361,73881,14279,9429,38
8,21,1790084964,73921,14310,9446,40
8,22,1790088537,73960,14330,9453,39
8,23,1790092141,74010,14354,9460,50
8,24,1790095744,74056,14379,9467,46
8,25,1790099348,74104,14398,9474,48
8,26,1790102952,74128,14414,9480,24
8,27,1790106555,74180,14452,9507,52
10,0,1790301169,74270,14483,9513,76
10,1,1790304773,74346,14534,9540,76
10,2,1790308376,74399,14572,9557,53
10,3,1790311979,74457,14617,9576,58
10,4,1790315582,74487,14639,9584,30
10,5,1790319185,74524,14663,9590,37
10,6,1790322789,74566,14685,9598,42
10,7,1790326393,74607,14707,9606,41
10,8,1790329966,74639,14725,9611,32
10,9,1790333569,74675,14746,9619,36
10,10,1790337173,74710,14763,9626,35
10,11,1790340777,74746,14782,9634,36
10,12,1790344384,74782,14800,9640,36
10,13,1790347988,74813,14820,9647,31
10,14,1790351591,74841,14841,9655,28
10,15,1790355195,74876,14865,9663,35
10,16,1790358768,74897,14884,9669,21
10,17,1790362395,74923,14898,9675,26
10,18,1790365969,74952,14919,9683,29
10,19,1790369572,74988,14937,9690,36
10,20,1790373176,75014,14957,9697,26
10,21,1790376779,75051,14980,9705,37
10,22,1790380382,75075,14999,9712,24
10,23,1790383986,75115,15021,9720,40
10,24,1790387589,75160,15054,9727,45
10,25,1790391170,75202,15095,9743,42
10,26,1790394773,75239,15134,9760,37
10,27,1790398377,75290,15185,9788,51
10,28,1790401980,75312,15203,9796,22
10,29,1790405583,75324,15217,9801,12
10,30,1790409187,75347,15238,9808,23
10,31,1790412790,75371,15254,9813,24
10,32,1790416393,75389,15273,9820,18
10,33,1790419982,75419,15293,9824,30
10,34,1790423586,75440,15312,9831,21
10,35,1790427190,75462,15333,9838,22
10,36,1790430793,75485,15354,9846,23
10,37,1790434367,75505,15372,9854,20
10,38,1790437970,75531,15392,9861,26
10,39,1790441574,75553,15414,9869,22
10,40,1790445178,75581,15435,9876,28
10,41,1790448782,75601,15457,9883,20
10,42,1790452381,75624,15478,9889,23
10,43,1790455968,75639,15493,9894,15
10,44,1790459572,75657,15512,9901,18
10,45,1790463175,75675,15531,9908,18
10,46,1790466779,75704,15549,9916,29
10,47,1790470383,75730,15570,9924,26
10,48,1790473986,75758,15596,9928,28
10,49,1790477590,75799,15639,9946,41
10,50,1790481193,75836,15678,9963,37
10,51,1790484766,75889,15729,9991,53
10,52,1790488370,75906,15750,9997,17
10,53,1790491973,75920,15766,10002,14
10,54,1790495582,75936,15777,10006,16
10,55,1790499185,75956,15791,10007,20
10,56,1790502789,75977,15809,10013,21
10,57,1790506392,75994,15823,10015,17
10,58,1790509965,76009,15841,10021,15
10,59,1790513569,76032,15860,10029,23
10,60,1790517172,76053,15883,10034,21
10,61,1790520776,76070,15899,10040,17
10,62,1790522788,76086,15910,10045,16
